{"cameraMode":{"drawMode":0,"name":"Shaded","section":"Shading Mode"},"sceneLighting":false,"audioPlay":false,"sceneViewState":{"m_AlwaysRefresh":false,"showFog":true,"showSkybox":false,"showFlares":true,"showImageEffects":true,"showParticleSystems":true,"showVisualEffectGraphs":true,"m_FxEnabled":true},"in2DMode":false,"pivot":{"x":3.4599947929382326,"y":-3.501354932785034,"z":-0.024862855672836305},"rotation":{"x":0.09582708030939102,"y":0.24378152191638947,"z":-0.024214407429099084,"w":0.9647849798202515},"size":1.6472017765045167,"orthographic":false}