{"cameraMode":{"drawMode":0,"name":"Shaded","section":"Shading Mode"},"sceneLighting":false,"audioPlay":false,"sceneViewState":{"m_AlwaysRefresh":false,"showFog":true,"showSkybox":false,"showFlares":true,"showImageEffects":true,"showParticleSystems":true,"showVisualEffectGraphs":true,"m_FxEnabled":true},"in2DMode":false,"pivot":{"x":-0.000006198883056640625,"y":-3.750000476837158,"z":-35.99810791015625},"rotation":{"x":0.13818901777267457,"y":0.2668309807777405,"z":-0.03869282826781273,"w":0.9530046582221985},"size":1.1729910373687745,"orthographic":false}