{"cameraMode":{"drawMode":0,"name":"Shaded","section":"Shading Mode"},"sceneLighting":false,"audioPlay":false,"sceneViewState":{"m_AlwaysRefresh":false,"showFog":true,"showSkybox":false,"showFlares":true,"showImageEffects":true,"showParticleSystems":true,"showVisualEffectGraphs":true,"m_FxEnabled":true},"in2DMode":false,"pivot":{"x":1.4263482093811036,"y":2.8987064361572267,"z":-4.707262992858887},"rotation":{"x":0.14795483648777009,"y":0.002966123865917325,"z":-0.00044431310379877687,"w":0.9889934062957764},"size":4.191563606262207,"orthographic":false}