{"cameraMode":{"drawMode":0,"name":"Shaded","section":"Shading Mode"},"sceneLighting":false,"audioPlay":false,"sceneViewState":{"m_AlwaysRefresh":false,"showFog":true,"showSkybox":false,"showFlares":true,"showImageEffects":true,"showParticleSystems":true,"showVisualEffectGraphs":true,"m_FxEnabled":true},"in2DMode":false,"pivot":{"x":-2.7094228267669679,"y":-4.395142078399658,"z":-0.6672354340553284},"rotation":{"x":0.09582708030939102,"y":0.24378152191638947,"z":-0.024214407429099084,"w":0.9647849798202515},"size":2.040696620941162,"orthographic":false}