{"cameraMode":{"drawMode":0,"name":"Shaded","section":"Shading Mode"},"sceneLighting":false,"audioPlay":false,"sceneViewState":{"m_AlwaysRefresh":false,"showFog":true,"showSkybox":false,"showFlares":true,"showImageEffects":true,"showParticleSystems":true,"showVisualEffectGraphs":true,"m_FxEnabled":true},"in2DMode":false,"pivot":{"x":-0.10753026604652405,"y":0.6833575963973999,"z":-28.181108474731447},"rotation":{"x":0.1922648549079895,"y":-0.017664123326539995,"z":0.003460552543401718,"w":0.9811831116676331},"size":5.655014514923096,"orthographic":false}