{"cameraMode":{"drawMode":0,"name":"Shaded","section":"Shading Mode"},"sceneLighting":false,"audioPlay":false,"sceneViewState":{"m_AlwaysRefresh":false,"showFog":true,"showSkybox":false,"showFlares":true,"showImageEffects":true,"showParticleSystems":true,"showVisualEffectGraphs":true,"m_FxEnabled":true},"in2DMode":false,"pivot":{"x":-1.8400003910064698,"y":0.721359372138977,"z":-0.037569135427474979},"rotation":{"x":0.1434873342514038,"y":0.14198610186576844,"z":-0.020806794986128808,"w":0.9791967868804932},"size":2.233245849609375,"orthographic":false}