{"cameraMode":{"drawMode":0,"name":"Shaded","section":"Shading Mode"},"sceneLighting":false,"audioPlay":false,"sceneViewState":{"m_AlwaysRefresh":false,"showFog":true,"showSkybox":false,"showFlares":true,"showImageEffects":true,"showParticleSystems":true,"showVisualEffectGraphs":true,"m_FxEnabled":true},"in2DMode":false,"pivot":{"x":-0.7501845955848694,"y":0.3236265480518341,"z":-0.13005942106246949},"rotation":{"x":-0.14221416413784028,"y":0.14700108766555787,"z":-0.02136235497891903,"w":-0.9786271452903748},"size":7.365269660949707,"orthographic":false}