{"cameraMode":{"drawMode":0,"name":"Shaded","section":"Shading Mode"},"sceneLighting":true,"audioPlay":false,"sceneViewState":{"m_AlwaysRefresh":false,"showFog":true,"showSkybox":true,"showFlares":true,"showImageEffects":true,"showParticleSystems":true,"showVisualEffectGraphs":true,"m_FxEnabled":true},"in2DMode":false,"pivot":{"x":49.938926696777347,"y":-9.085224151611329,"z":84.41368103027344},"rotation":{"x":0.15773451328277589,"y":0.45182177424430849,"z":-0.08151786774396897,"w":0.8742619752883911},"size":120.30094146728516,"orthographic":false}