{"cameraMode":{"drawMode":0,"name":"Shaded","section":"Shading Mode"},"sceneLighting":false,"audioPlay":false,"sceneViewState":{"m_AlwaysRefresh":false,"showFog":true,"showSkybox":false,"showFlares":true,"showImageEffects":true,"showParticleSystems":true,"showVisualEffectGraphs":true,"m_FxEnabled":true},"in2DMode":false,"pivot":{"x":4.739999771118164,"y":1.0499999523162842,"z":46.099998474121097},"rotation":{"x":-0.21677276492118836,"y":-0.0827704519033432,"z":0.018448801711201669,"w":-0.9725334644317627},"size":0.8660253882408142,"orthographic":false}