{"cameraMode":{"drawMode":0,"name":"Shaded","section":"Shading Mode"},"sceneLighting":false,"audioPlay":false,"sceneViewState":{"m_AlwaysRefresh":false,"showFog":true,"showSkybox":false,"showFlares":true,"showImageEffects":true,"showParticleSystems":true,"showVisualEffectGraphs":true,"m_FxEnabled":true},"in2DMode":false,"pivot":{"x":6.4767374992370609,"y":-3.9658126831054689,"z":-1.0089675188064576},"rotation":{"x":0.09435752779245377,"y":0.0074655283242464069,"z":-0.0007081739604473114,"w":0.995514452457428},"size":1.634013295173645,"orthographic":false}