{"cameraMode":{"drawMode":0,"name":"Shaded","section":"Shading Mode"},"sceneLighting":false,"audioPlay":false,"sceneViewState":{"m_AlwaysRefresh":false,"showFog":true,"showSkybox":false,"showFlares":true,"showImageEffects":true,"showParticleSystems":true,"showVisualEffectGraphs":true,"m_FxEnabled":true},"in2DMode":false,"pivot":{"x":5.238673210144043,"y":1.0182656049728394,"z":14.689064979553223},"rotation":{"x":-0.14221416413784028,"y":0.14700108766555787,"z":-0.02136235497891903,"w":-0.9786271452903748},"size":1.1357816457748414,"orthographic":false}